-- phpMyAdmin SQL Dump
-- version 5.0.2
-- https://www.phpmyadmin.net/
--
-- Host: 127.0.0.1
-- Waktu pembuatan: 15 Okt 2020 pada 08.31
-- Versi server: 10.4.13-MariaDB
-- Versi PHP: 7.2.32

SET SQL_MODE = "NO_AUTO_VALUE_ON_ZERO";
START TRANSACTION;
SET time_zone = "+00:00";


/*!40101 SET @OLD_CHARACTER_SET_CLIENT=@@CHARACTER_SET_CLIENT */;
/*!40101 SET @OLD_CHARACTER_SET_RESULTS=@@CHARACTER_SET_RESULTS */;
/*!40101 SET @OLD_COLLATION_CONNECTION=@@COLLATION_CONNECTION */;
/*!40101 SET NAMES utf8mb4 */;

--
-- Database: `onlineshop`
--

-- --------------------------------------------------------

--
-- Struktur dari tabel `category`
--

CREATE TABLE `category` (
  `category_id` int(25) NOT NULL,
  `category_name` varchar(100) NOT NULL,
  `category_status` int(1) NOT NULL,
  `category_created_at` timestamp NOT NULL DEFAULT current_timestamp(),
  `category_update_at` timestamp NOT NULL DEFAULT current_timestamp()
) ENGINE=InnoDB DEFAULT CHARSET=utf8mb4;

--
-- Dumping data untuk tabel `category`
--

INSERT INTO `category` (`category_id`, `category_name`, `category_status`, `category_created_at`, `category_update_at`) VALUES
(1, 'Minuman', 1, '2020-09-06 09:41:36', '2020-09-06 09:41:36'),
(2, 'makanan', 2, '2020-09-06 09:43:06', '2020-09-06 09:43:06');

-- --------------------------------------------------------

--
-- Struktur dari tabel `history`
--

CREATE TABLE `history` (
  `history_id` int(25) NOT NULL,
  `invoice` int(6) NOT NULL,
  `order_id` int(25) NOT NULL,
  `history_created_at` timestamp(6) NOT NULL DEFAULT current_timestamp(6),
  `history_subtotal` int(100) NOT NULL,
  `history_updated_at` timestamp NOT NULL DEFAULT current_timestamp()
) ENGINE=InnoDB DEFAULT CHARSET=utf8mb4;

--
-- Dumping data untuk tabel `history`
--

INSERT INTO `history` (`history_id`, `invoice`, `order_id`, `history_created_at`, `history_subtotal`, `history_updated_at`) VALUES
(1, 33075, 3, '2020-09-06 09:54:45.144000', 6900, '2020-09-14 00:34:36'),
(2, 410054, 0, '2020-09-06 20:18:27.879000', 48000, '2020-09-06 20:18:27'),
(3, 222505, 0, '2020-09-06 20:28:41.287000', 48000, '2020-09-06 20:28:40'),
(4, 919659, 0, '2020-09-06 20:30:03.185000', 541000, '2020-09-06 20:30:02'),
(5, 857693, 0, '2020-09-07 17:37:19.443000', 541000, '2020-09-07 17:37:18'),
(6, 16062, 0, '2020-09-07 18:07:54.296000', 20000, '2020-09-07 18:07:53'),
(7, 839954, 0, '2020-09-07 18:10:14.263000', 135000, '2020-09-07 18:10:13'),
(8, 911216, 0, '2020-09-07 18:15:26.284000', 168000, '2020-09-07 18:15:25'),
(9, 942522, 0, '2020-09-09 23:45:45.882000', 45000, '2020-09-09 23:45:45'),
(10, 122108, 0, '2020-09-09 23:46:01.659000', 55000, '2020-09-09 23:46:00'),
(11, 948484, 0, '2020-09-09 23:59:34.075000', 55000, '2020-09-09 23:59:33'),
(12, 462696, 0, '2020-09-09 23:59:45.200000', 111000, '2020-09-09 23:59:44'),
(13, 841480, 0, '2020-09-10 10:18:35.472000', 5000, '2020-09-10 10:18:34'),
(14, 12456, 0, '2020-09-11 15:29:13.219000', 40000, '2020-09-11 15:29:12'),
(15, 190112, 0, '2020-09-12 07:43:23.877000', 111000, '2020-09-12 07:43:23'),
(16, 846292, 0, '2020-09-12 10:57:21.892000', 30000, '2020-09-12 10:57:21'),
(17, 867240, 0, '2020-09-12 11:19:20.052000', 45000, '2020-09-12 11:19:19'),
(18, 947266, 0, '2020-09-12 11:20:13.414000', 20000, '2020-09-12 11:20:12'),
(19, 906870, 0, '2020-09-12 11:23:28.020000', 55000, '2020-09-12 11:23:27'),
(20, 676019, 0, '2020-09-12 11:23:41.029000', 55000, '2020-09-12 11:23:40'),
(21, 931452, 0, '2020-09-12 11:28:27.699000', 40000, '2020-09-12 11:28:27'),
(22, 574463, 0, '2020-09-12 12:15:11.142000', 63000, '2020-09-12 12:15:10'),
(23, 947597, 0, '2020-09-12 12:52:22.414000', 60000, '2020-09-12 12:52:21'),
(24, 289723, 0, '2020-09-12 12:53:15.074000', 45000, '2020-09-12 12:53:14'),
(25, 650416, 0, '2020-09-12 12:59:59.469000', 45000, '2020-09-12 12:59:58'),
(26, 666888, 0, '2020-09-12 13:00:08.747000', 45000, '2020-09-12 13:00:08'),
(27, 761, 0, '2020-09-12 13:00:11.913000', 45000, '2020-09-12 13:00:11'),
(28, 307411, 0, '2020-09-12 15:33:43.687000', 33000, '2020-09-12 15:33:43'),
(29, 114270, 0, '2020-09-12 16:04:03.890000', 48000, '2020-09-12 16:04:03'),
(30, 739571, 0, '2020-09-13 10:17:32.697000', 96000, '2020-09-13 10:17:32'),
(31, 967812, 0, '2020-09-13 10:17:53.587000', 114000, '2020-09-13 10:17:52'),
(32, 661899, 0, '2020-09-13 10:54:44.442000', 48000, '2020-09-13 10:54:43'),
(33, 161636, 0, '2020-09-13 10:54:49.670000', 48000, '2020-09-13 10:54:49'),
(34, 304516, 0, '2020-09-13 13:16:25.549000', 142000, '2020-09-13 13:16:24'),
(35, 864532, 0, '2020-09-13 13:39:31.645000', 63000, '2020-09-13 13:39:30'),
(36, 660349, 0, '2020-09-13 13:49:11.539000', 63000, '2020-09-13 13:49:10'),
(37, 30304, 0, '2020-09-13 13:54:32.332000', 63000, '2020-09-13 13:54:31'),
(38, 823801, 0, '2020-09-13 13:55:50.253000', 63000, '2020-09-13 13:55:49'),
(39, 236401, 0, '2020-09-13 13:56:23.420000', 63000, '2020-09-13 13:56:22'),
(40, 790435, 0, '2020-09-13 15:03:45.693000', 63000, '2020-09-13 15:03:43'),
(41, 39653, 0, '2020-09-13 15:04:12.211000', 270000, '2020-09-13 15:04:11'),
(42, 97968, 0, '2020-09-13 15:14:12.904000', 270000, '2020-09-13 15:14:12'),
(43, 486023, 0, '2020-09-13 15:15:06.274000', 270000, '2020-09-13 15:15:05'),
(44, 849764, 0, '2020-09-13 15:17:15.573000', 270000, '2020-09-13 15:17:14'),
(45, 504328, 0, '2020-09-13 15:17:29.952000', 270000, '2020-09-13 15:17:29'),
(46, 25044, 0, '2020-09-13 15:38:16.797000', 270000, '2020-09-13 15:38:16'),
(47, 308550, 0, '2020-09-13 15:38:31.100000', 270000, '2020-09-13 15:38:30'),
(48, 677173, 0, '2020-09-13 15:41:48.748000', 270000, '2020-09-13 15:41:48'),
(49, 835069, 0, '2020-09-13 15:43:26.646000', 270000, '2020-09-13 15:43:25'),
(50, 298749, 0, '2020-09-13 18:01:40.800000', 48000, '2020-09-13 18:01:40'),
(51, 915750, 0, '2020-09-13 18:01:54.173000', 58000, '2020-09-13 18:01:53'),
(52, 105051, 0, '2020-09-13 18:02:17.250000', 58000, '2020-09-13 18:02:16'),
(53, 967883, 0, '2020-09-13 18:02:30.457000', 83000, '2020-09-13 18:02:29'),
(54, 970821, 0, '2020-09-13 18:03:37.676000', 83000, '2020-09-13 18:03:37'),
(55, 562911, 0, '2020-09-13 18:03:40.776000', 48000, '2020-09-13 18:03:40'),
(56, 194407, 0, '2020-09-13 18:03:40.963000', 83000, '2020-09-13 18:03:40'),
(57, 843001, 0, '2020-09-13 18:03:54.200000', 58000, '2020-09-13 18:03:53'),
(58, 468429, 0, '2020-09-13 18:04:17.219000', 58000, '2020-09-13 18:04:16'),
(59, 71552, 0, '2020-09-13 18:04:30.422000', 83000, '2020-09-13 18:04:29'),
(60, 537044, 0, '2020-09-13 18:04:37.377000', 83000, '2020-09-13 18:04:36'),
(61, 371771, 0, '2020-09-13 18:04:46.511000', 83000, '2020-09-13 18:04:45'),
(62, 889911, 0, '2020-09-13 19:40:56.298000', 236000, '2020-09-13 19:40:55'),
(63, 163484, 0, '2020-09-14 02:43:44.199000', 48000, '2020-09-14 02:43:43'),
(64, 901484, 0, '2020-09-14 02:46:04.765000', 81000, '2020-09-14 02:46:04'),
(65, 704701, 0, '2020-09-14 04:32:19.373000', 48000, '2020-09-14 04:32:18'),
(66, 228885, 0, '2020-09-14 07:18:50.177000', 63000, '2020-09-14 07:18:49'),
(67, 529014, 0, '2020-09-14 07:48:05.062000', 168000, '2020-09-14 07:48:04'),
(68, 423331, 0, '2020-09-14 08:09:34.498000', 76000, '2020-09-14 08:09:33'),
(69, 807187, 0, '2020-09-14 13:54:29.773000', 99000, '2020-09-14 13:54:29'),
(70, 14785, 0, '2020-09-14 13:59:25.637000', 33000, '2020-09-14 13:59:25'),
(71, 19282, 0, '2020-09-14 14:18:33.217000', 33000, '2020-09-14 14:18:32'),
(72, 167707, 0, '2020-09-14 14:23:12.105000', 96000, '2020-09-14 14:23:11'),
(73, 133080, 0, '2020-10-07 01:09:28.395000', 90000, '2020-10-07 01:09:27'),
(74, 39056, 0, '2020-10-07 01:13:40.470000', 58000, '2020-10-07 01:13:39'),
(75, 326558, 0, '2020-10-07 03:59:03.618000', 58000, '2020-10-07 03:59:02'),
(76, 447912, 0, '2020-10-07 04:27:36.260000', 455000, '2020-10-07 04:27:35'),
(77, 66213, 0, '2020-10-07 04:42:13.868000', 58000, '2020-10-07 04:42:13'),
(78, 745862, 0, '2020-10-07 04:42:42.754000', 10000, '2020-10-07 04:42:42'),
(79, 291666, 0, '2020-10-07 04:44:58.869000', 58000, '2020-10-07 04:44:58'),
(80, 165815, 0, '2020-10-12 10:59:38.095000', 129000, '2020-10-12 10:59:37'),
(81, 685710, 0, '2020-10-12 11:14:22.267000', 48000, '2020-10-12 11:14:21'),
(82, 672386, 0, '2020-10-12 11:15:24.613000', 48000, '2020-10-12 11:15:24'),
(83, 320806, 0, '2020-10-12 11:29:06.451000', 270000, '2020-10-12 11:29:05'),
(84, 928109, 0, '2020-10-12 12:08:12.877000', 48000, '2020-10-12 12:08:12'),
(85, 204967, 0, '2020-10-12 12:10:53.914000', 73000, '2020-10-12 12:10:53'),
(86, 13205, 0, '2020-10-12 12:41:29.296000', 25000, '2020-10-12 12:41:28'),
(87, 512614, 0, '2020-10-13 03:36:47.660000', 118000, '2020-10-13 03:36:46'),
(88, 870887, 0, '2020-10-13 14:16:06.719000', 45000, '2020-10-13 14:16:05');

-- --------------------------------------------------------

--
-- Struktur dari tabel `orders`
--

CREATE TABLE `orders` (
  `order_id` int(25) NOT NULL,
  `product_id` int(11) NOT NULL,
  `product_name` varchar(50) NOT NULL,
  `history_id` int(25) NOT NULL,
  `order_price` int(100) NOT NULL,
  `order_qty` int(15) NOT NULL,
  `order_created_at` timestamp NOT NULL DEFAULT current_timestamp() ON UPDATE current_timestamp()
) ENGINE=InnoDB DEFAULT CHARSET=utf8mb4;

--
-- Dumping data untuk tabel `orders`
--

INSERT INTO `orders` (`order_id`, `product_id`, `product_name`, `history_id`, `order_price`, `order_qty`, `order_created_at`) VALUES
(1, 1, '', 0, 79000, 2, '2020-09-06 09:48:50'),
(2, 2, '', 0, 79000, 2, '2020-09-06 09:49:50'),
(3, 4, '', 0, 69000, 3, '2020-09-06 09:49:50'),
(4, 2, '', 6, 15000, 1, '2020-09-07 18:07:53'),
(5, 3, '', 6, 5000, 1, '2020-09-07 18:07:53'),
(6, 3, '', 7, 5000, 3, '2020-09-07 18:10:13'),
(7, 8, '', 7, 60000, 2, '2020-09-07 18:10:13'),
(8, 3, '', 8, 5000, 3, '2020-09-07 18:15:25'),
(9, 8, '', 8, 60000, 2, '2020-09-07 18:15:25'),
(10, 4, '', 8, 33000, 1, '2020-09-07 18:15:25'),
(11, 3, '', 9, 5000, 3, '2020-09-09 23:45:45'),
(12, 2, '', 9, 15000, 2, '2020-09-09 23:45:45'),
(13, 3, '', 10, 5000, 3, '2020-09-09 23:46:01'),
(14, 2, '', 10, 15000, 2, '2020-09-09 23:46:01'),
(15, 1, '', 10, 10000, 1, '2020-09-09 23:46:01'),
(16, 3, '', 11, 5000, 3, '2020-09-09 23:59:33'),
(17, 2, '', 11, 15000, 2, '2020-09-09 23:59:33'),
(18, 1, '', 11, 10000, 1, '2020-09-09 23:59:33'),
(19, 3, '', 12, 5000, 3, '2020-09-09 23:59:44'),
(20, 2, '', 12, 15000, 2, '2020-09-09 23:59:44'),
(21, 4, '', 12, 33000, 2, '2020-09-09 23:59:44'),
(22, 3, '', 13, 5000, 1, '2020-09-10 10:18:34'),
(23, 3, '', 14, 5000, 1, '2020-09-11 15:29:12'),
(24, 1, '', 14, 10000, 2, '2020-09-11 15:29:12'),
(25, 2, '', 14, 15000, 1, '2020-09-11 15:29:12'),
(26, 3, '', 15, 5000, 3, '2020-09-12 07:43:23'),
(27, 2, '', 15, 15000, 2, '2020-09-12 07:43:23'),
(28, 4, '', 15, 33000, 2, '2020-09-12 07:43:23'),
(29, 3, '', 16, 5000, 1, '2020-09-12 10:57:21'),
(30, 2, '', 16, 15000, 1, '2020-09-12 10:57:21'),
(31, 1, '', 16, 10000, 1, '2020-09-12 10:57:21'),
(32, 3, '', 17, 5000, 3, '2020-09-12 11:19:19'),
(33, 2, '', 17, 15000, 2, '2020-09-12 11:19:19'),
(34, 3, '', 18, 5000, 1, '2020-09-12 11:20:12'),
(35, 2, '', 18, 15000, 1, '2020-09-12 11:20:12'),
(36, 3, '', 19, 5000, 1, '2020-09-12 11:23:27'),
(37, 2, '', 19, 15000, 2, '2020-09-12 11:23:27'),
(38, 1, '', 19, 10000, 2, '2020-09-12 11:23:27'),
(39, 3, '', 20, 5000, 1, '2020-09-12 11:23:40'),
(40, 2, '', 20, 15000, 2, '2020-09-12 11:23:40'),
(41, 1, '', 20, 10000, 2, '2020-09-12 11:23:40'),
(42, 3, '', 21, 5000, 1, '2020-09-12 11:28:27'),
(43, 1, '', 21, 10000, 2, '2020-09-12 11:28:27'),
(44, 2, '', 21, 15000, 1, '2020-09-12 11:28:27'),
(45, 3, '', 22, 5000, 1, '2020-09-12 12:15:10'),
(46, 2, '', 22, 15000, 1, '2020-09-12 12:15:10'),
(47, 1, '', 22, 10000, 1, '2020-09-12 12:15:10'),
(48, 4, '', 22, 33000, 1, '2020-09-12 12:15:10'),
(49, 3, '', 23, 5000, 2, '2020-09-12 12:52:21'),
(50, 2, '', 23, 15000, 2, '2020-09-12 12:52:21'),
(51, 1, '', 23, 10000, 2, '2020-09-12 12:52:21'),
(52, 3, '', 24, 5000, 1, '2020-09-12 12:53:14'),
(53, 2, '', 24, 15000, 2, '2020-09-12 12:53:14'),
(54, 1, '', 24, 10000, 1, '2020-09-12 12:53:14'),
(55, 3, '', 25, 5000, 1, '2020-09-12 12:59:58'),
(56, 2, '', 25, 15000, 2, '2020-09-12 12:59:58'),
(57, 1, '', 25, 10000, 1, '2020-09-12 12:59:58'),
(58, 3, '', 26, 5000, 1, '2020-09-12 13:00:08'),
(59, 2, '', 26, 15000, 2, '2020-09-12 13:00:08'),
(60, 1, '', 26, 10000, 1, '2020-09-12 13:00:08'),
(61, 3, '', 27, 5000, 1, '2020-09-12 13:00:11'),
(62, 2, '', 27, 15000, 2, '2020-09-12 13:00:11'),
(63, 1, '', 27, 10000, 1, '2020-09-12 13:00:11'),
(64, 4, '', 28, 33000, 1, '2020-09-12 15:33:43'),
(65, 4, '', 29, 33000, 1, '2020-09-12 16:04:03'),
(66, 2, '', 29, 15000, 1, '2020-09-12 16:04:03'),
(67, 2, '', 30, 15000, 2, '2020-09-13 10:17:32'),
(68, 4, '', 30, 33000, 2, '2020-09-13 10:17:32'),
(69, 2, '', 31, 15000, 1, '2020-09-13 10:17:53'),
(70, 4, '', 31, 33000, 3, '2020-09-13 10:17:53'),
(71, 4, '', 32, 33000, 1, '2020-09-13 10:54:43'),
(72, 2, '', 32, 15000, 1, '2020-09-13 10:54:43'),
(73, 4, '', 33, 33000, 1, '2020-09-13 10:54:49'),
(74, 2, '', 33, 15000, 1, '2020-09-13 10:54:49'),
(75, 5, '', 34, 28000, 1, '2020-09-13 13:16:25'),
(76, 2, '', 34, 15000, 1, '2020-09-13 13:16:25'),
(77, 4, '', 34, 33000, 3, '2020-09-13 13:16:25'),
(78, 6, '', 35, 30000, 1, '2020-09-13 13:39:31'),
(79, 4, '', 35, 33000, 1, '2020-09-13 13:39:31'),
(80, 6, 'tes', 40, 30000, 1, '2020-09-13 15:03:45'),
(81, 4, 'tes', 40, 33000, 1, '2020-09-13 15:03:45'),
(82, 6, 'tes', 41, 30000, 1, '2020-09-13 15:04:11'),
(83, 4, 'tes', 41, 33000, 1, '2020-09-13 15:04:11'),
(84, 9, 'tes', 41, 69000, 3, '2020-09-13 15:04:11'),
(85, 6, 'tes', 42, 30000, 1, '2020-09-13 15:14:12'),
(86, 4, 'tes', 42, 33000, 1, '2020-09-13 15:14:12'),
(87, 9, 'tes', 42, 69000, 3, '2020-09-13 15:14:12'),
(88, 6, 'tes', 43, 30000, 1, '2020-09-13 15:15:05'),
(89, 4, 'tes', 43, 33000, 1, '2020-09-13 15:15:05'),
(90, 9, 'tes', 43, 69000, 3, '2020-09-13 15:15:05'),
(91, 6, '\"Black Forest\"', 44, 30000, 1, '2020-09-13 15:17:15'),
(92, 4, '\"Red Velvet Latte\"', 44, 33000, 1, '2020-09-13 15:17:15'),
(93, 9, '\"Wiener Schnitzel\"', 44, 69000, 3, '2020-09-13 15:17:15'),
(94, 6, '\"Black Forest\"', 45, 30000, 1, '2020-09-13 15:17:29'),
(95, 4, '\"Red Velvet Latte\"', 45, 33000, 1, '2020-09-13 15:17:29'),
(96, 9, '\"Wiener Schnitzel\"', 45, 69000, 3, '2020-09-13 15:17:29'),
(97, 6, 'Black Forest', 46, 30000, 1, '2020-09-13 15:38:16'),
(98, 4, 'Red Velvet Latte', 46, 33000, 1, '2020-09-13 15:38:16'),
(99, 9, 'Wiener Schnitzel', 46, 69000, 3, '2020-09-13 15:38:16'),
(100, 6, '\"Black Forest\"', 47, 30000, 1, '2020-09-13 15:38:30'),
(101, 4, '\"Red Velvet Latte\"', 47, 33000, 1, '2020-09-13 15:38:30'),
(102, 9, '\"Wiener Schnitzel\"', 47, 69000, 3, '2020-09-13 15:38:30'),
(103, 6, 'Black Forest', 48, 30000, 1, '2020-09-13 15:41:48'),
(104, 4, 'Red Velvet Latte', 48, 33000, 1, '2020-09-13 15:41:48'),
(105, 9, 'Wiener Schnitzel', 48, 69000, 3, '2020-09-13 15:41:48'),
(106, 6, 'Black Forest', 49, 30000, 1, '2020-09-13 15:43:26'),
(107, 4, 'Red Velvet Latte', 49, 33000, 1, '2020-09-13 15:43:26'),
(108, 9, 'Wiener Schnitzel', 49, 69000, 3, '2020-09-13 15:43:26'),
(109, 4, 'Red Velvet Latte', 50, 33000, 1, '2020-09-13 18:01:40'),
(110, 2, 'Coffee Latte', 50, 15000, 1, '2020-09-13 18:01:40'),
(111, 4, 'Red Velvet Latte', 51, 33000, 1, '2020-09-13 18:01:53'),
(112, 2, 'Coffee Latte', 51, 15000, 1, '2020-09-13 18:01:53'),
(113, 1, 'Espresso', 51, 10000, 1, '2020-09-13 18:01:53'),
(114, 4, 'Red Velvet Latte', 52, 33000, 1, '2020-09-13 18:02:16'),
(115, 2, 'Coffee Latte', 52, 15000, 1, '2020-09-13 18:02:16'),
(116, 1, 'Espresso', 52, 10000, 1, '2020-09-13 18:02:16'),
(117, 4, 'Red Velvet Latte', 53, 33000, 1, '2020-09-13 18:02:29'),
(118, 2, 'Coffee Latte', 53, 15000, 2, '2020-09-13 18:02:29'),
(119, 1, 'Espresso', 53, 10000, 2, '2020-09-13 18:02:29'),
(120, 4, 'Red Velvet Latte', 54, 33000, 1, '2020-09-13 18:03:37'),
(121, 2, 'Coffee Latte', 54, 15000, 2, '2020-09-13 18:03:37'),
(122, 1, 'Espresso', 54, 10000, 2, '2020-09-13 18:03:37'),
(123, 4, 'Red Velvet Latte', 55, 33000, 1, '2020-09-13 18:03:40'),
(124, 2, 'Coffee Latte', 55, 15000, 1, '2020-09-13 18:03:40'),
(125, 4, 'Red Velvet Latte', 56, 33000, 1, '2020-09-13 18:03:40'),
(126, 2, 'Coffee Latte', 56, 15000, 2, '2020-09-13 18:03:40'),
(127, 1, 'Espresso', 56, 10000, 2, '2020-09-13 18:03:40'),
(128, 4, 'Red Velvet Latte', 57, 33000, 1, '2020-09-13 18:03:53'),
(129, 2, 'Coffee Latte', 57, 15000, 1, '2020-09-13 18:03:53'),
(130, 1, 'Espresso', 57, 10000, 1, '2020-09-13 18:03:53'),
(131, 4, 'Red Velvet Latte', 58, 33000, 1, '2020-09-13 18:04:16'),
(132, 2, 'Coffee Latte', 58, 15000, 1, '2020-09-13 18:04:16'),
(133, 1, 'Espresso', 58, 10000, 1, '2020-09-13 18:04:16'),
(134, 4, 'Red Velvet Latte', 59, 33000, 1, '2020-09-13 18:04:29'),
(135, 2, 'Coffee Latte', 59, 15000, 2, '2020-09-13 18:04:29'),
(136, 1, 'Espresso', 59, 10000, 2, '2020-09-13 18:04:29'),
(137, 4, '\"Red Velvet Latte\"', 60, 33000, 1, '2020-09-13 18:04:36'),
(138, 2, '\"Coffee Latte\"', 60, 15000, 2, '2020-09-13 18:04:36'),
(139, 1, '\"Espresso\"', 60, 10000, 2, '2020-09-13 18:04:36'),
(140, 4, '\"Red Velvet Latte\"', 61, 33000, 1, '2020-09-13 18:04:46'),
(141, 2, '\"Coffee Latte\"', 61, 15000, 2, '2020-09-13 18:04:46'),
(142, 1, '\"Espresso\"', 61, 10000, 2, '2020-09-13 18:04:46'),
(143, 5, '\"Choco Rhum\"', 62, 28000, 2, '2020-09-13 19:40:55'),
(144, 7, '\"Chicken Katsu Dabu-dabu\"', 62, 60000, 3, '2020-09-13 19:40:55'),
(145, 4, '\"Red Velvet Latte\"', 63, 33000, 1, '2020-09-14 02:43:43'),
(146, 2, '\"Coffee Latte\"', 63, 15000, 1, '2020-09-14 02:43:43'),
(147, 4, '\"Red Velvet Latte\"', 64, 33000, 2, '2020-09-14 02:46:04'),
(148, 2, '\"Coffee Latte\"', 64, 15000, 1, '2020-09-14 02:46:04'),
(149, 4, '\"Red Velvet Latte\"', 65, 33000, 1, '2020-09-14 04:32:18'),
(150, 2, '\"Coffee Latte\"', 65, 15000, 1, '2020-09-14 04:32:18'),
(151, 4, '\"Red Velvet Latte\"', 66, 33000, 1, '2020-09-14 07:18:49'),
(152, 2, '\"Coffee Latte\"', 66, 15000, 2, '2020-09-14 07:18:49'),
(153, 4, '\"Red Velvet Latte\"', 67, 33000, 1, '2020-09-14 07:48:04'),
(154, 2, '\"Coffee Latte\"', 67, 15000, 1, '2020-09-14 07:48:04'),
(155, 7, '\"Chicken Katsu Dabu-dabu\"', 67, 60000, 2, '2020-09-14 07:48:04'),
(156, 4, '\"Red Velvet Latte\"', 68, 33000, 2, '2020-09-14 08:09:34'),
(157, 1, '\"Espresso\"', 68, 10000, 1, '2020-09-14 08:09:34'),
(158, 4, '\"Red Velvet Latte\"', 69, 33000, 3, '2020-09-14 13:54:29'),
(159, 4, '\"Red Velvet Latte\"', 70, 33000, 1, '2020-09-14 13:59:25'),
(160, 4, '\"Red Velvet Latte\"', 71, 33000, 1, '2020-09-14 14:18:32'),
(161, 4, '\"Red Velvet Latte\"', 72, 33000, 2, '2020-09-14 14:23:11'),
(162, 2, '\"Coffee Latte\"', 72, 15000, 2, '2020-09-14 14:23:11'),
(163, 6, '\"Black Forest\"', 73, 30000, 1, '2020-10-07 01:09:28'),
(164, 7, '\"Chicken Katsu Dabu-dabu\"', 73, 60000, 1, '2020-10-07 01:09:28'),
(165, 2, '\"Coffee Latte\"', 74, 15000, 1, '2020-10-07 01:13:39'),
(166, 1, '\"Espresso\"', 74, 10000, 1, '2020-10-07 01:13:39'),
(167, 4, '\"Red Velvet Latte\"', 74, 33000, 1, '2020-10-07 01:13:39'),
(168, 2, '\"Coffee Latte\"', 75, 15000, 1, '2020-10-07 03:59:03'),
(169, 1, '\"Espresso\"', 75, 10000, 1, '2020-10-07 03:59:03'),
(170, 4, '\"Red Velvet Latte\"', 75, 33000, 1, '2020-10-07 03:59:03'),
(171, 4, '\"Red Velvet Latte\"', 76, 33000, 9, '2020-10-07 04:27:35'),
(172, 2, '\"Coffee Latte\"', 76, 15000, 4, '2020-10-07 04:27:35'),
(173, 5, '\"Choco Rhum\"', 76, 28000, 1, '2020-10-07 04:27:35'),
(174, 1, '\"Espresso\"', 76, 10000, 1, '2020-10-07 04:27:35'),
(175, 7, '\"Chicken Katsu Dabu-dabu\"', 76, 60000, 1, '2020-10-07 04:27:35'),
(176, 1, '\"Espresso\"', 77, 10000, 1, '2020-10-07 04:42:13'),
(177, 2, '\"Coffee Latte\"', 77, 15000, 1, '2020-10-07 04:42:13'),
(178, 4, '\"Red Velvet Latte\"', 77, 33000, 1, '2020-10-07 04:42:13'),
(179, 1, '\"Espresso\"', 78, 10000, 1, '2020-10-07 04:42:42'),
(180, 2, '\"Coffee Latte\"', 79, 15000, 1, '2020-10-07 04:44:58'),
(181, 1, '\"Espresso\"', 79, 10000, 1, '2020-10-07 04:44:58'),
(182, 4, '\"Red Velvet Latte\"', 79, 33000, 1, '2020-10-07 04:44:58'),
(183, 4, '\"Red Velvet Latte\"', 80, 33000, 3, '2020-10-12 10:59:37'),
(184, 2, '\"Coffee Latte\"', 80, 15000, 2, '2020-10-12 10:59:37'),
(185, 4, '\"Red Velvet Latte\"', 81, 33000, 1, '2020-10-12 11:14:21'),
(186, 2, '\"Coffee Latte\"', 81, 15000, 1, '2020-10-12 11:14:21'),
(187, 2, '\"Coffee Latte\"', 82, 15000, 1, '2020-10-12 11:15:24'),
(188, 4, '\"Red Velvet Latte\"', 82, 33000, 1, '2020-10-12 11:15:24'),
(189, 6, '\"Black Forest\"', 83, 30000, 1, '2020-10-12 11:29:05'),
(190, 4, '\"Red Velvet Latte\"', 83, 33000, 1, '2020-10-12 11:29:06'),
(191, 9, '\"Wiener Schnitzel\"', 83, 69000, 3, '2020-10-12 11:29:06'),
(192, 4, '\"Red Velvet Latte\"', 84, 33000, 1, '2020-10-12 12:08:12'),
(193, 2, '\"Coffee Latte\"', 84, 15000, 1, '2020-10-12 12:08:12'),
(194, 4, '\"Red Velvet Latte\"', 85, 33000, 1, '2020-10-12 12:10:53'),
(195, 2, '\"Coffee Latte\"', 85, 15000, 2, '2020-10-12 12:10:53'),
(196, 1, '\"Espresso\"', 85, 10000, 1, '2020-10-12 12:10:53'),
(197, 1, '\"Espresso\"', 86, 10000, 1, '2020-10-12 12:41:28'),
(198, 2, '\"Coffee Latte\"', 86, 15000, 1, '2020-10-12 12:41:28'),
(199, 5, '\"Choco Rhum\"', 87, 28000, 1, '2020-10-13 03:36:47'),
(200, 6, '\"Black Forest\"', 87, 30000, 1, '2020-10-13 03:36:47'),
(201, 7, '\"Chicken Katsu Dabu-dabu\"', 87, 60000, 1, '2020-10-13 03:36:47'),
(202, 6, '\"Black Forest\"', 88, 30000, 1, '2020-10-13 14:16:06'),
(203, 2, '\"Coffee Latte\"', 88, 15000, 1, '2020-10-13 14:16:06');

-- --------------------------------------------------------

--
-- Struktur dari tabel `product`
--

CREATE TABLE `product` (
  `product_id` int(11) NOT NULL,
  `product_name` varchar(100) NOT NULL,
  `product_price` int(50) NOT NULL,
  `product_image` varchar(255) NOT NULL,
  `category_id` int(1) NOT NULL,
  `product_created_at` timestamp(6) NOT NULL DEFAULT current_timestamp(6),
  `product_updated_at` timestamp(6) NOT NULL DEFAULT current_timestamp(6),
  `product_status` int(1) NOT NULL
) ENGINE=InnoDB DEFAULT CHARSET=utf8mb4;

--
-- Dumping data untuk tabel `product`
--

INSERT INTO `product` (`product_id`, `product_name`, `product_price`, `product_image`, `category_id`, `product_created_at`, `product_updated_at`, `product_status`) VALUES
(1, 'Espresso', 10000, 'product_image-2020-09-06T08-53-21.427Z-item1.png', 1, '2020-09-06 08:53:21.431000', '2020-09-06 08:53:21.432414', 1),
(2, 'Coffee Latte', 15000, 'product_image-2020-09-06T08-54-50.740Z-item2.png', 1, '2020-09-06 08:54:50.754000', '2020-09-06 08:54:50.759645', 1),
(4, 'Red Velvet Latte', 33000, 'product_image-2020-09-06T08-56-02.839Z-item4.png', 1, '2020-09-06 08:56:02.842000', '2020-09-06 08:56:02.848186', 1),
(5, 'Choco Rhum', 28000, 'product_image-2020-09-06T08-56-42.348Z-item5.png', 2, '2020-09-06 08:56:42.352000', '2020-09-06 08:56:42.358318', 1),
(6, 'Black Forest', 30000, 'product_image-2020-09-06T08-57-03.349Z-item6.png', 2, '2020-09-06 08:57:03.352000', '2020-09-06 08:57:03.354365', 1),
(7, 'Chicken Katsu Dabu-dabu test', 60000, 'product_image-2020-10-14T01-12-08.923Z-item7.png', 2, '2020-09-06 08:57:33.964000', '2020-10-14 01:12:08.968000', 1),
(8, 'Salmon Truffle Teriyaki', 60000, 'product_image-2020-09-06T08-57-55.900Z-item8.png', 2, '2020-09-06 08:57:55.903000', '2020-09-06 08:57:55.904761', 1),
(9, 'Wiener Schnitzel', 69000, 'product_image-2020-09-06T08-58-27.921Z-item9.png', 2, '2020-09-06 08:58:27.924000', '2020-09-06 08:58:27.940104', 1),
(12, 'mentegasss', 39000, 'product_image-2020-09-30T03-37-46.106Z-gambar1.jpg', 2, '2020-09-06 15:42:50.282000', '2020-09-30 03:37:46.148000', 1),
(14, 'tes', 50000, 'product_image-2020-09-09T06-05-41.598Z-Stupa_Borobudur.jpg', 2, '2020-09-07 07:05:24.414000', '2020-09-09 06:05:41.650000', 1),
(24, 'Tenderloin', 100000, 'product_image-2020-09-13T19-35-47.938Z-tenderloin.jpg', 2, '2020-09-10 14:22:27.379000', '2020-09-13 19:35:47.950000', 1),
(25, 'es kopi', 28000, 'product_image-2020-10-14T01-13-04.633Z-item2.png', 1, '2020-09-10 23:03:35.300000', '2020-10-14 01:13:04.639000', 1),
(49, 'test mixins', 30000, 'product_image-2020-10-14T16-38-14.152Z-plus.png', 2, '2020-10-14 16:38:14.676000', '2020-10-14 16:38:16.110911', 1);

-- --------------------------------------------------------

--
-- Struktur dari tabel `user`
--

CREATE TABLE `user` (
  `user_id` int(25) NOT NULL,
  `user_name` varchar(255) NOT NULL,
  `user_email` varchar(255) NOT NULL,
  `user_password` varchar(100) NOT NULL,
  `user_role` int(1) NOT NULL,
  `user_status` int(1) NOT NULL,
  `user_created_at` timestamp(6) NOT NULL DEFAULT current_timestamp(6),
  `user_updated_at` timestamp(6) NOT NULL DEFAULT current_timestamp(6)
) ENGINE=InnoDB DEFAULT CHARSET=utf8mb4;

--
-- Dumping data untuk tabel `user`
--

INSERT INTO `user` (`user_id`, `user_name`, `user_email`, `user_password`, `user_role`, `user_status`, `user_created_at`, `user_updated_at`) VALUES
(1, 'superadmin', 'superadmin@gmail.com', '$2b$10$Brg5rxTELn0XWYCwD9AoIu27GOpljuIQKjnO8rMyw0dnwaN1bsrHS', 1, 1, '2020-09-06 08:19:21.025000', '2020-09-06 08:19:21.032545'),
(2, 'alfa', 'alfa@gmail.com', '$2b$10$99CHLzJI6qc/Z5Q9OCsPPuIeXQaU/NIgqjqfsuo0kEKUKfNfrFVMG', 2, 1, '2020-09-06 08:27:15.604000', '2020-09-06 08:27:15.610832'),
(3, 'beta', 'beta@gmail.com', '$2b$10$ok/W7erq5byMUWqnOHKxBegPZPxbwybGP8YJiNU1IwGi45d2nAd3q', 2, 1, '2020-09-06 08:29:39.463000', '2020-09-06 08:29:39.466279'),
(4, 'gamma', 'gamma@gmail.com', '$2b$10$e85koD6ozYaHjpYi8rUPx.JewUeY5xWDbDqZZBHbpIHCDvwF7oYeW', 2, 1, '2020-09-07 07:01:53.880000', '2020-09-07 07:01:53.885266'),
(5, 'delta', 'delta@gmail.com', '$2b$10$wAibJJEOD8chxyp3TBLo/eiFIFi6at/KS1BjyRC2XkufWzp10doPy', 2, 0, '2020-09-10 07:52:29.736000', '2020-09-10 07:52:29.738827'),
(6, 'regis', 'regis@gmail.com', '$2b$10$GtQ93ao3C4YhboXf7Bfy6.K2w51J3vb7Ftb5m6ZDJkZNho4CsZLJ2', 2, 0, '2020-09-10 08:10:30.235000', '2020-09-10 08:10:30.238085'),
(7, 'echo', 'echo@gmail.com', '$2b$10$Dp8KLhHlmaoRaQA5SJIrF..k.e6gavXTzWiCQ5.jjJBLHhXqDCDRK', 2, 0, '2020-09-13 06:09:48.031000', '2020-09-13 06:09:48.033866'),
(8, 'foxtrot', 'foxtrot@gmail.com', '$2b$10$I099o3ByU2DW6uETjDAqRe.03gx.e/Re4wsmyfkxjjRznmp68Li8i', 2, 0, '2020-09-13 06:11:13.167000', '2020-09-13 06:11:13.169842'),
(9, '', 'test@gmail.com', '$2b$10$EFVjOBMCAfLmk74rQKAn0.J/n7S4wstp/SJ4qYipJlk/gZ5H25/oq', 2, 0, '2020-09-14 08:06:51.213000', '2020-09-14 08:06:51.216365');

--
-- Indexes for dumped tables
--

--
-- Indeks untuk tabel `category`
--
ALTER TABLE `category`
  ADD PRIMARY KEY (`category_id`);

--
-- Indeks untuk tabel `history`
--
ALTER TABLE `history`
  ADD PRIMARY KEY (`history_id`);

--
-- Indeks untuk tabel `orders`
--
ALTER TABLE `orders`
  ADD PRIMARY KEY (`order_id`);

--
-- Indeks untuk tabel `product`
--
ALTER TABLE `product`
  ADD PRIMARY KEY (`product_id`);

--
-- Indeks untuk tabel `user`
--
ALTER TABLE `user`
  ADD PRIMARY KEY (`user_id`);

--
-- AUTO_INCREMENT untuk tabel yang dibuang
--

--
-- AUTO_INCREMENT untuk tabel `category`
--
ALTER TABLE `category`
  MODIFY `category_id` int(25) NOT NULL AUTO_INCREMENT, AUTO_INCREMENT=5;

--
-- AUTO_INCREMENT untuk tabel `history`
--
ALTER TABLE `history`
  MODIFY `history_id` int(25) NOT NULL AUTO_INCREMENT, AUTO_INCREMENT=89;

--
-- AUTO_INCREMENT untuk tabel `orders`
--
ALTER TABLE `orders`
  MODIFY `order_id` int(25) NOT NULL AUTO_INCREMENT, AUTO_INCREMENT=204;

--
-- AUTO_INCREMENT untuk tabel `product`
--
ALTER TABLE `product`
  MODIFY `product_id` int(11) NOT NULL AUTO_INCREMENT, AUTO_INCREMENT=50;

--
-- AUTO_INCREMENT untuk tabel `user`
--
ALTER TABLE `user`
  MODIFY `user_id` int(25) NOT NULL AUTO_INCREMENT, AUTO_INCREMENT=10;
COMMIT;

/*!40101 SET CHARACTER_SET_CLIENT=@OLD_CHARACTER_SET_CLIENT */;
/*!40101 SET CHARACTER_SET_RESULTS=@OLD_CHARACTER_SET_RESULTS */;
/*!40101 SET COLLATION_CONNECTION=@OLD_COLLATION_CONNECTION */;
